timestamp,price,return,log_return,volatility_20
2024-12-26 00:00:00+00:00,73.7714972872562,,,
2024-12-27 00:00:00+00:00,68.98913158011165,-0.0648267404485863,-0.06702346252711461,
2024-12-28 00:00:00+00:00,61.891412733615624,-0.1028816957676007,-0.10856753684353614,
2024-12-29 00:00:00+00:00,62.40868583456909,0.0083577523618638,0.008323019739840384,
2024-12-30 00:00:00+00:00,60.401057547032615,-0.0321690524434088,-0.0326978479110019,
2024-12-31 00:00:00+00:00,58.01812466688136,-0.0394518403638169,-0.04025115785748498,
2025-01-01 00:00:00+00:00,55.855202936190544,-0.0372801041589937,-0.03799277570250795,
2025-01-02 00:00:00+00:00,58.24583077226829,0.0428004502787111,0.041909834874883124,
2025-01-03 00:00:00+00:00,59.50129512324921,0.0215545788313944,0.021325563932779627,
2025-01-04 00:00:00+00:00,60.91148790395706,0.0237002031264499,0.023423713367374113,
2025-01-05 00:00:00+00:00,59.28973685164098,-0.0266247157658205,-0.026985573076112716,
2025-01-06 00:00:00+00:00,58.54172439443346,-0.012616221574389,-0.012696481866751843,
2025-01-07 00:00:00+00:00,60.33522289621566,0.0306362431297417,0.03017632331260329,
2025-01-08 00:00:00+00:00,52.40892254624678,-0.1313710295494082,-0.14083920639756087,
2025-01-09 00:00:00+00:00,50.20077599436251,-0.042133027061103,-0.043046369798301655,
2025-01-10 00:00:00+00:00,46.97572064788347,-0.0642431373339967,-0.0663995983575363,
2025-01-11 00:00:00+00:00,48.37683303659512,0.0298263096209632,0.029390156585707133,
2025-01-12 00:00:00+00:00,48.720143671161374,0.0070965917571856,0.007071529451346809,
2025-01-13 00:00:00+00:00,47.936782831591835,-0.0160787875515487,-0.016209453785497055,
2025-01-14 00:00:00+00:00,48.36715112397334,0.0089778301120759,0.008937768991404993,
2025-01-15 00:00:00+00:00,51.459137800495064,0.0639274095056048,0.061967164443211896,0.0511696282025086
2025-01-16 00:00:00+00:00,55.34515498646968,0.0755165623069811,0.07280106924164553,0.05361404651317861
2025-01-17 00:00:00+00:00,53.97022145909192,-0.0248428887354981,-0.02515668120744273,0.048639908958060904
2025-01-18 00:00:00+00:00,55.00658306789133,0.0192024709326965,0.019020430217336924,0.048873766762174774
2025-01-19 00:00:00+00:00,52.068263194347914,-0.0534176040332631,-0.0548972588023593,0.049748792342453746
2025-01-20 00:00:00+00:00,47.27020314661583,-0.0921494160429942,-0.09667546903495165,0.05318937634092581
2025-01-21 00:00:00+00:00,47.48228598174949,0.0044866072285718,0.004476572410024446,0.05287004120086491
2025-01-22 00:00:00+00:00,49.16412841052548,0.0354204182465525,0.034807545444355915,0.05253913192873922
2025-01-23 00:00:00+00:00,48.411515057062545,-0.0153081805331426,-0.01542656040292448,0.05208269315699674
2025-01-24 00:00:00+00:00,48.68419261362319,0.0056324937618505,0.005616690581966973,0.051625812412649505
2025-01-25 00:00:00+00:00,46.349494117330856,-0.0479559867577842,-0.04914401286217061,0.0522167195736772
2025-01-26 00:00:00+00:00,46.64752932481084,0.0064301717452519,0.006409586388709568,0.05238380680153723
2025-01-27 00:00:00+00:00,44.970146247183315,-0.0359586692351433,-0.03662111105326212,0.0517216740136531
2025-01-28 00:00:00+00:00,42.98753326612055,-0.0440873145078318,-0.045088703269051615,0.043152528076175714
2025-01-29 00:00:00+00:00,41.94046788296878,-0.0243574195492856,-0.02465896819436829,0.04260171723697873
2025-01-30 00:00:00+00:00,42.56031552820806,0.014779225805704,0.01467107731321498,0.04066448987712505
2025-01-31 00:00:00+00:00,43.987426402358935,0.0335314918707549,0.03298157076471632,0.04083163257239193
2025-02-01 00:00:00+00:00,43.15596619039496,-0.0189022245665952,-0.019083155236211874,0.04085172352741883
2025-02-02 00:00:00+00:00,39.63201492627105,-0.0816561781649608,-0.0851834248924764,0.04450165082608971
2025-02-03 00:00:00+00:00,33.287446924312725,-0.1600869401609119,-0.17445689269285405,0.057496991918739165
2025-02-04 00:00:00+00:00,35.644080370951606,0.0707964612605247,0.06840272789629553,0.05798800653652922
2025-02-05 00:00:00+00:00,32.14597290280563,-0.0981399276328863,-0.10329590136688008,0.05677413296663514
2025-02-06 00:00:00+00:00,32.09938840428082,-0.0014491550361738,-0.00145020607686992,0.0570649968002516
2025-02-07 00:00:00+00:00,29.768465646494978,-0.0726157996666064,-0.07538734368769837,0.05705136728484759
2025-02-08 00:00:00+00:00,30.09027193946544,0.0108103083575741,0.010752294696732986,0.057472934192839525
2025-02-09 00:00:00+00:00,31.749461246055056,0.055140389223717,0.05367382842918973,0.0577693108369207
2025-02-10 00:00:00+00:00,32.630590918977006,0.0277525866059045,0.02737446355834121,0.058500123351546626
2025-02-11 00:00:00+00:00,32.47663293635799,-0.0047182100686224,-0.004729375957599125,0.05724950561978633
2025-02-12 00:00:00+00:00,33.07341434881355,0.0183757168923586,0.018208923605567074,0.05790386952949873
2025-02-13 00:00:00+00:00,32.651324598180516,-0.0127622067132653,-0.012844343250658119,0.057636480335040034
2025-02-14 00:00:00+00:00,32.437365181305836,-0.0065528556500461,-0.006574419865046474,0.05728750991642527
2025-02-15 00:00:00+00:00,32.97366624860961,0.0165334349539849,0.01639824577748108,0.05755301568958087
2025-02-16 00:00:00+00:00,32.126399741195215,-0.0256952472626583,-0.026031136458108776,0.05741489223695566
2025-02-17 00:00:00+00:00,34.54721768077427,0.07535291719834,0.07264890277081489,0.06032563029731605
2025-02-18 00:00:00+00:00,36.25626041472886,0.0494697648229334,0.0482850507381986,0.06164252841577087
2025-02-19 00:00:00+00:00,33.964779300731585,-0.0632023569939489,-0.06528798270729091,0.06272719372830814
2025-02-20 00:00:00+00:00,36.18913741237086,0.0654901388271751,0.06343491754155817,0.06421025176665675
2025-02-21 00:00:00+00:00,36.5834786725945,0.0108966747598919,0.010837733786662045,0.06432998382452665
2025-02-22 00:00:00+00:00,35.13197581874153,-0.039676457967359,-0.04048502834906518,0.06226008199073093
2025-02-23 00:00:00+00:00,35.881807615284096,0.0213432856839939,0.02111870763142059,0.04818032221589731
2025-02-24 00:00:00+00:00,35.97872740518494,0.0027010843751238,0.0026974430023526514,0.0457171670327906
2025-02-25 00:00:00+00:00,33.10257059586579,-0.0799404819667041,-0.08331691751713416,0.04349480639028164
2025-02-26 00:00:00+00:00,33.701012428167566,0.0180784096681758,0.017916938411874406,0.04364180335446627
2025-02-27 00:00:00+00:00,36.01408747483097,0.0686351797766799,0.06638230137029066,0.04181140019739025
2025-02-28 00:00:00+00:00,36.536980995476725,0.0145191384069132,0.014414744972144148,0.04182508543972478
2025-03-01 00:00:00+00:00,37.56864893180501,0.0282362666049502,0.02784497195357244,0.04078178210810987
2025-03-02 00:00:00+00:00,37.85982567769902,0.0077505248171836,0.007720643796132386,0.040536933784134234
2025-03-03 00:00:00+00:00,41.43727707085047,0.0944920196835115,0.09029034666457954,0.04441892858827398
2025-03-04 00:00:00+00:00,36.3757983371458,-0.1221479569000257,-0.1302772153788729,0.05460093420741701
2025-03-05 00:00:00+00:00,35.04676120289662,-0.0365363014697608,-0.037220468505647704,0.055282362163385446
2025-03-06 00:00:00+00:00,36.346202313177855,0.0370773522482823,0.03640651879751902,0.05570231017532265
2025-03-07 00:00:00+00:00,34.0495858389057,-0.0631872473080766,-0.06527185375550107,0.057828896397963216
2025-03-08 00:00:00+00:00,32.92578843950806,-0.0330047303575001,-0.03356167532726068,0.05804243183286124
2025-03-09 00:00:00+00:00,32.56660716711014,-0.0109088131042879,-0.010968750501786877,0.055586786067747355
2025-03-10 00:00:00+00:00,30.11802630132728,-0.0751868579130266,-0.07816357043081151,0.05663363915025757
2025-03-11 00:00:00+00:00,29.55361330575607,-0.0187400392683214,-0.018917858872909574,0.05514954736601253
2025-03-12 00:00:00+00:00,30.309800416118513,0.0255869596228073,0.025265092227075903,0.05321181953023337
2025-03-13 00:00:00+00:00,30.46331226735117,0.0050647595538444,0.005051976802050519,0.05311470942817831
2025-03-14 00:00:00+00:00,30.928597666260625,0.0152736312724641,0.015158163622136697,0.05284380121015064
2025-03-15 00:00:00+00:00,32.34989520599824,0.045954153986363,0.0449295348412225,0.05375608518001174
2025-03-16 00:00:00+00:00,32.451448901955224,0.0031392279730835,0.0031343108848364705,0.05375954365996641
2025-03-17 00:00:00+00:00,32.795918302237745,0.0106149158801278,0.010558973196919915,0.05058056033358749
2025-03-18 00:00:00+00:00,34.22337317972501,0.0435253821628731,0.042604771305295164,0.05134820278147227
2025-03-19 00:00:00+00:00,33.63957171734888,-0.0170585599295043,-0.01720573327429821,0.049078222416949126
2025-03-20 00:00:00+00:00,34.27058498691668,0.0187580649025436,0.018584302010354808,0.04916670240092303
2025-03-21 00:00:00+00:00,33.954301009386214,-0.0092290218463213,-0.009271873122457225,0.0486307153115973
2025-03-22 00:00:00+00:00,31.21004610503736,-0.0808220114320786,-0.08427549902682197,0.05161751472551954
2025-03-23 00:00:00+00:00,31.102759012401528,-0.0034375819976285,-0.003443504058231346,0.04601642950091224
2025-03-24 00:00:00+00:00,31.008058025093128,-0.0030447777083261,-0.0030494224745559162,0.037070694084591085
2025-03-25 00:00:00+00:00,32.33498747276496,0.0427930522639636,0.041902740477304225,0.03799667374163592
2025-03-26 00:00:00+00:00,36.71186779372658,0.1353605077054127,0.12695022843457707,0.04731829161193252
2025-03-27 00:00:00+00:00,38.84066409781891,0.0579865975780207,0.05636766566023911,0.046224121325056496
2025-03-28 00:00:00+00:00,37.397893416012856,-0.037145880878156,-0.037853364513935533,0.0464297934696286
2025-03-29 00:00:00+00:00,36.75361947704663,-0.0172275462630835,-0.017377667078630414,0.04657762486492598
2025-03-30 00:00:00+00:00,36.095056829135544,-0.0179183072927652,-0.018080783958211114,0.04263073062059089
2025-03-31 00:00:00+00:00,37.52485051612175,0.0396118973784824,0.0388474679083273,0.042592849554882725
2025-04-01 00:00:00+00:00,39.33882829687711,0.0483407063800567,0.04720863457249362,0.043232002114427646
2025-04-02 00:00:00+00:00,41.00767682567241,0.0424224259096142,0.04154726032464682,0.04364545543734178
2025-04-03 00:00:00+00:00,39.13127986295815,-0.045757212014009,-0.046837145167919356,0.04577294776198253
2025-04-04 00:00:00+00:00,39.73324972045208,0.0153833419096458,0.015266217950107715,0.04511756187875149
2025-04-05 00:00:00+00:00,39.694116601298646,-0.0009848960109922,-0.0009853813397602564,0.04516128029631569
2025-04-06 00:00:00+00:00,38.04477961557357,-0.0415511699703909,-0.042439103388775885,0.046661218741388705
2025-04-07 00:00:00+00:00,36.76670586430264,-0.0335939323130617,-0.034171173171733585,0.04677252164078887
2025-04-08 00:00:00+00:00,34.57509671096925,-0.0596085262961035,-0.06145902902693759,0.048810152551523364
2025-04-09 00:00:00+00:00,34.853906014194145,0.0080638763083038,0.008031536994900257,0.048671128883873774
2025-04-10 00:00:00+00:00,36.745804667616696,0.0542808215713923,0.05285884876035713,0.049957304325396516
2025-04-11 00:00:00+00:00,36.74688871875241,2.950135792412212e-05,2.9500922767620885e-05,0.04547706532628486
2025-04-12 00:00:00+00:00,35.707451209115874,-0.0282864086152169,-0.02869417701136441,0.046161673462928016
2025-04-13 00:00:00+00:00,35.54544801290355,-0.0045369577140517,-0.004547280942569259,0.046179881875252814
2025-04-14 00:00:00+00:00,32.05972206404082,-0.0980639193968622,-0.10321162550683459,0.051475437993916955
2025-04-15 00:00:00+00:00,31.165630706456216,-0.0278883065735445,-0.02828457019088614,0.04210934508498343
2025-04-16 00:00:00+00:00,30.87384265500961,-0.0093624946722531,-0.009406598321472384,0.039275224066882525
2025-04-17 00:00:00+00:00,31.153518671265847,0.0090586720733596,0.009017888415646684,0.03901611664776874
2025-04-18 00:00:00+00:00,30.701113424012,-0.0145218025619403,-0.014628275984610025,0.038990378600741615
2025-04-19 00:00:00+00:00,30.940875193769187,0.0078095463980685,0.007779209731967949,0.03910190885341239
2025-04-20 00:00:00+00:00,31.812572186984728,0.0281729908335326,0.0277834318965933,0.038482003105612624
2025-04-21 00:00:00+00:00,30.947821949708036,-0.0271826569758003,-0.027558939984866228,0.036384664040670964
2025-04-22 00:00:00+00:00,31.199689531449454,0.0081384590537814,0.008105520388534392,0.03451493963208628
2025-04-23 00:00:00+00:00,33.365170192498255,0.0694071221082499,0.0671044034207808,0.03798136270197387
2025-04-24 00:00:00+00:00,34.41725748442044,0.0315325018830185,0.031045562371605648,0.038647497624977004
2025-04-25 00:00:00+00:00,34.30065909266511,-0.0033877885769403,-0.0033935401263575603,0.03863092510317647
2025-04-26 00:00:00+00:00,34.44312409729436,0.0041534188670944,0.004144817232188008,0.03779621410730217
2025-04-27 00:00:00+00:00,33.52421405259987,-0.0266790562348167,-0.02704140147730715,0.03753907271982507
2025-04-28 00:00:00+00:00,32.73862784392156,-0.0234333967515455,-0.023712324899725905,0.0354198683727123
2025-04-29 00:00:00+00:00,35.632517541271696,0.0883937381599035,0.08470297465783487,0.04043929484208979
2025-04-30 00:00:00+00:00,34.49252844763987,-0.0319929427470686,-0.03251590118158706,0.0391749116611963
2025-05-01 00:00:00+00:00,36.071934556018334,0.0457898037476731,0.044772393009001196,0.04061786572957613
2025-05-02 00:00:00+00:00,37.58471589893899,0.0419379043996479,0.041082348848787455,0.041101113752397896
2025-05-03 00:00:00+00:00,36.17447766036479,-0.037521588359645,-0.03824364253630823,0.04208669585927917
2025-05-04 00:00:00+00:00,35.418239287298604,-0.0209053018032869,-0.021126911613063896,0.03476789986057939
2025-05-05 00:00:00+00:00,35.73573850645144,0.0089642857900815,0.008924345095954397,0.03387829068811679
2025-05-06 00:00:00+00:00,36.602114746113045,0.0242439718856011,0.023954752033920428,0.033857463495084235
2025-05-07 00:00:00+00:00,38.07122542179961,0.040137316815624,0.03935273983701362,0.034553730337018175
2025-05-08 00:00:00+00:00,40.46949414588675,0.0629942613487268,0.06108970080217837,0.035834535975701694
2025-05-09 00:00:00+00:00,41.92892388549553,0.0360624655783377,0.035427436979408714,0.036121687877785705
2025-05-10 00:00:00+00:00,42.46657766537608,0.012822980655283,0.012741462370816716,0.03600218209200794
2025-05-11 00:00:00+00:00,43.52196287975341,0.0248521371958307,0.024548345790105668,0.034663194261470825
2025-05-12 00:00:00+00:00,45.338833023458776,0.0417460524178374,0.040898201937520105,0.034991946277170685
2025-05-13 00:00:00+00:00,44.57003118386306,-0.0169568069649682,-0.017102219785012997,0.03390894001151113
2025-05-14 00:00:00+00:00,43.470210415479706,-0.0246762395980003,-0.024985801153888675,0.03477172095200009
2025-05-15 00:00:00+00:00,41.881763009796295,-0.0365410562889239,-0.0372254036484073,0.03633136816798579
2025-05-16 00:00:00+00:00,42.26278042779088,0.0090974541330903,0.009056321576720707,0.03630641050433993
2025-05-17 00:00:00+00:00,40.53263207078538,-0.0409378734549087,-0.04179942356395683,0.03724171628520065
2025-05-18 00:00:00+00:00,40.36809864494514,-0.0040592830377484,-0.004067544291228553,0.0365729282781537
2025-05-19 00:00:00+00:00,41.76572587521167,0.0346220723091088,0.034036212507309795,0.03271158242346767
2025-05-20 00:00:00+00:00,41.02355386135423,-0.017769881842229,-0.01792966187056935,0.031915019575247006
2025-05-21 00:00:00+00:00,41.22384406617151,0.0048823221287506,0.004870442245984376,0.030765891198216166
2025-05-22 00:00:00+00:00,42.624793327510126,0.0339839549919178,0.033419258549900875,0.03035987312750663
2025-05-23 00:00:00+00:00,48.71390446913755,0.142853739954617,0.13352841508037966,0.039896669008918105
2025-05-24 00:00:00+00:00,47.43564873149209,-0.0262400592105134,-0.0265904730795972,0.0401739346758728
2025-05-25 00:00:00+00:00,48.9017580894509,0.0309073322946984,0.03043931961280362,0.04030160327164793
2025-05-26 00:00:00+00:00,54.450287848500935,0.1134627869390847,0.10747478725479354,0.04522963538392673
2025-05-27 00:00:00+00:00,54.35589315109039,-0.0017335940936287,-0.0017350985068154113,0.04523073931213132
2025-05-28 00:00:00+00:00,51.84752250651103,-0.0461471700521408,-0.04724588573615483,0.046249743248702596
2025-05-29 00:00:00+00:00,53.86701245373878,0.0389505582831686,0.038211125116866855,0.046326852116450164
2025-05-30 00:00:00+00:00,53.73435389413616,-0.0024627049758244,-0.0024657424216368274,0.04644778863391558
2025-05-31 00:00:00+00:00,48.44539531229013,-0.098427880835154,-0.1036152404649253,0.052974117737866894
2025-06-01 00:00:00+00:00,50.10863356773275,0.0343322258951754,0.033756026119354174,0.05274550892793571
2025-06-02 00:00:00+00:00,53.06201409811239,0.058939554326252,0.057267986922503886,0.053717758866609455
2025-06-03 00:00:00+00:00,54.274648519505206,0.0228531547850905,0.022595932956516226,0.05319755433398696
2025-06-04 00:00:00+00:00,54.46218551945346,0.0034553332921329,0.0034493773439671577,0.05201728320814455
2025-06-05 00:00:00+00:00,50.27605166423067,-0.0768631265032053,-0.07997776349426111,0.05603887956848311
2025-06-06 00:00:00+00:00,47.86333076269295,-0.047989466588409,-0.0491791797440093,0.056411817608656586
2025-06-07 00:00:00+00:00,47.941817377956006,0.0016398068001619,0.0016384637849808602,0.05636031820054398
2025-06-08 00:00:00+00:00,50.11146331885504,0.0452558133913514,0.04426165296244,0.056648872963489055
2025-06-09 00:00:00+00:00,48.83826802225697,-0.0254072663673147,-0.025735604343717227,0.05687141870616944
2025-06-10 00:00:00+00:00,51.4518856804954,0.0535157728576152,0.05213292601297698,0.05767930175290754
2025-06-11 00:00:00+00:00,51.79057533396367,0.0065826480213273,0.006561077005033294,0.057444035280645005
2025-06-12 00:00:00+00:00,50.1430494242097,-0.0318113073494579,-0.03232828027791282,0.05014022978982072
2025-06-13 00:00:00+00:00,48.129704596078824,-0.0401520220898015,-0.040980363403487985,0.05066422108073092
2025-06-14 00:00:00+00:00,45.1646948316638,-0.0616045701775735,-0.06358385183543573,0.05210379942132051
2025-06-15 00:00:00+00:00,44.157116067651806,-0.022308990855964,-0.022561600437887918,0.045108218644252164
2025-06-16 00:00:00+00:00,43.37259158955425,-0.017766660234233,-0.0179263819846717,0.04508836389110142
2025-06-17 00:00:00+00:00,43.301120361012025,-0.0016478431636867,-0.0016492023505892182,0.04432064773869228
2025-06-18 00:00:00+00:00,41.22990831751371,-0.0478327587422706,-0.04901458602951811,0.04371728246476749
2025-06-19 00:00:00+00:00,42.074682662091206,0.0204893578242242,0.020282274819681534,0.04430778133658252
2025-06-20 00:00:00+00:00,41.68892332304733,-0.0091684432213542,-0.009210732077350466,0.03873847082480415
2025-06-21 00:00:00+00:00,40.21827816107755,-0.03527664052568,-0.035913892861907146,0.037956971425761446
2025-06-22 00:00:00+00:00,39.20669880081736,-0.0251522294467388,-0.025473952940165065,0.03447472678498478
2025-06-23 00:00:00+00:00,38.11813609649933,-0.0277647120929073,-0.028157438066846268,0.03340283030642305
2025-06-24 00:00:00+00:00,41.62550367092075,0.0920130922861028,0.08802286652383053,0.04076006427572468
2025-06-25 00:00:00+00:00,42.65115936543737,0.024640078895505,0.024341408384422857,0.038403839742714906
2025-06-26 00:00:00+00:00,41.3994117380062,-0.0293485018005286,-0.02978778531071092,0.03755073840999939
2025-06-27 00:00:00+00:00,39.09364213214633,-0.0556957094089114,-0.05730682304972155,0.03909742574025144
2025-06-28 00:00:00+00:00,38.7778048853252,-0.0080789926339817,-0.008111804539227383,0.036952713093527455
2025-06-29 00:00:00+00:00,39.002175080354185,0.0057860468299455,0.005769371951154378,0.0370445580455837
2025-06-30 00:00:00+00:00,40.11032696238703,0.0284125662158527,0.02801641552577675,0.035220591362859086
2025-07-01 00:00:00+00:00,38.2672737671984,-0.0459495929045138,-0.04703877130341296,0.03573333600713283
2025-07-02 00:00:00+00:00,36.90424040726583,-0.0356187735824786,-0.036268599457794114,0.03584383732187432
2025-07-03 00:00:00+00:00,38.962140310492366,0.055763236975374,0.05426395273614722,0.03848594586608318
2025-07-04 00:00:00+00:00,40.754220000214865,0.0459954118393208,0.044968979246228405,0.038269219480208366
2025-07-05 00:00:00+00:00,40.06228503967268,-0.0169782407941689,-0.01712402357046489,0.03815807327719459
2025-07-06 00:00:00+00:00,39.2098709524844,-0.0212772208660627,-0.021506843932144734,0.038230902455631134
2025-07-07 00:00:00+00:00,39.25351514188253,0.0011130918908408,0.0011124728633758456,0.03824879606776702
2025-07-08 00:00:00+00:00,38.69726462003994,-0.0141707187198908,-0.014272082088374457,0.03690549987760586
2025-07-09 00:00:00+00:00,43.60183362918098,0.1267420076663801,0.1193302893008763,0.04579360980233278
2025-07-10 00:00:00+00:00,40.96939136194899,-0.0603745771248986,-0.062273969437936415,0.04795044042446959
2025-07-11 00:00:00+00:00,41.991813053673475,0.0249557451974762,0.024649436241189992,0.04753142080722078
2025-07-12 00:00:00+00:00,41.99671799156695,0.0001168070044321,0.0001168001830252181,0.047090840720902825
2025-07-13 00:00:00+00:00,42.28069552636322,0.0067618982715098,0.006739139176246035,0.04650138194018106
2025-07-14 00:00:00+00:00,42.39988260684145,0.0028189479618168,0.0028149821791529166,0.042218211344216834
2025-07-15 00:00:00+00:00,43.08308579355333,0.016113327318544,0.015984885572235135,0.042015093805552746
2025-07-16 00:00:00+00:00,43.8087229787029,0.0168427393670616,0.016702473218884573,0.04153428742440003
2025-07-17 00:00:00+00:00,44.23741897467641,0.009785630961713,0.009738061753115302,0.03905704510668493
2025-07-18 00:00:00+00:00,45.604821739221094,0.03091054578314,0.030442436753726432,0.03926539142593833
2025-07-19 00:00:00+00:00,44.26797828701486,-0.0293136427514312,-0.029751872912461112,0.04016969293070512
2025-07-20 00:00:00+00:00,44.72444883012575,0.0103115290278523,0.010258727875949386,0.03986023364946784
2025-07-21 00:00:00+00:00,44.97329506961817,0.0055639867231811,0.0055485649270539065,0.03790236106492843
2025-07-22 00:00:00+00:00,44.67879633951404,-0.006548302268007,-0.006569836459044464,0.03663424044501412
2025-07-23 00:00:00+00:00,44.09090481962273,-0.0131581772128309,-0.013245512992396987,0.03538723406984189
2025-07-24 00:00:00+00:00,41.42428803710277,-0.0604799741223087,-0.06238614489257251,0.037285543299267
2025-07-25 00:00:00+00:00,40.1754101079351,-0.0301484464391779,-0.030612256762314546,0.037746244909924856
2025-07-26 00:00:00+00:00,40.78670286985872,0.0152155948198493,0.015100998627725655,0.03752821234155602
2025-07-27 00:00:00+00:00,41.23997184341071,0.0111131555545997,0.011051858161617504,0.03758201243141475
2025-07-28 00:00:00+00:00,41.91504614671655,0.0163694171729582,0.016236882649665118,0.037485812160754674
2025-07-29 00:00:00+00:00,40.564612730211714,-0.0322183449775498,-0.03274878014205471,0.0267440544818435
2025-07-30 00:00:00+00:00,40.533500511410566,-0.0007669793129314,-0.0007672735920449746,0.02290383774169528
2025-07-31 00:00:00+00:00,38.42678573850779,-0.0519746566746613,-0.05337404361890091,0.02494254794835248
2025-08-01 00:00:00+00:00,36.91925433400698,-0.039231264742242,-0.04002154906871076,0.02614285912766645
2025-08-02 00:00:00+00:00,35.88934096171837,-0.0278963752347495,-0.02829287036333052,0.026385626707484625
2025-08-03 00:00:00+00:00,35.32588912737806,-0.0156996985523171,-0.01582424409111779,0.02630535006207699
2025-08-04 00:00:00+00:00,36.1688448258154,0.0238622641711241,0.023582009924964856,0.02673833846521477
2025-08-05 00:00:00+00:00,37.009860021647064,0.0232524759881573,0.022986256116895514,0.027087753010614484
2025-08-06 00:00:00+00:00,35.45000744412225,-0.0421469461546857,-0.04306090124693544,0.02778750068170674
2025-08-07 00:00:00+00:00,36.084665102808515,0.0179028921132566,0.017744522726916585,0.026920575942374625
2025-08-08 00:00:00+00:00,38.13827838497413,0.0569109696962597,0.055350474103400396,0.030416965663384973
2025-08-09 00:00:00+00:00,38.714118398277954,0.0150987416760453,0.014985890201574509,0.030579764042312184
2025-08-10 00:00:00+00:00,39.75452949813231,0.0268742035954674,0.026519434247772696,0.0313892920610894
2025-08-11 00:00:00+00:00,39.555386548822185,-0.0050093147076354,-0.005021903382575034,0.031390155528020006
2025-08-12 00:00:00+00:00,36.76576796020339,-0.070524366767991,-0.07313468708409507,0.03478200192994607
2025-08-13 00:00:00+00:00,39.57886869681117,0.0765141296559555,0.07372816328742376,0.037046508555272153
2025-08-14 00:00:00+00:00,39.37973415792669,-0.0050313347864974,-0.005044034567171628,0.03645371759212961
2025-08-15 00:00:00+00:00,36.749096822512314,-0.0668018053363334,-0.06913767340202853,0.03925440484815277
2025-08-16 00:00:00+00:00,36.49031714651164,-0.0070417968977715,-0.007066707361379429,0.03906793405972831
2025-08-17 00:00:00+00:00,36.81538568050841,0.0089083504725813,0.008868905206925345,0.038880327453336735
2025-08-18 00:00:00+00:00,36.96631861315954,0.0040997243370191,0.004091343365838235,0.03844082084142242
2025-08-19 00:00:00+00:00,35.29166706109151,-0.0453020916037842,-0.04636031482980503,0.03953511600386436
2025-08-20 00:00:00+00:00,34.62207594984531,-0.0189730655139386,-0.019155363640719476,0.038134763085613026
2025-08-21 00:00:00+00:00,39.13833862795254,0.1304445950800188,0.12261100231775267,0.04669941335780363
2025-08-22 00:00:00+00:00,42.46325385363159,0.0849528963731842,0.08153657256909427,0.04922526255059806
2025-08-23 00:00:00+00:00,44.08021595110383,0.0380790907603505,0.03737197717850422,0.04928403996324013
2025-08-24 00:00:00+00:00,44.77122952797562,0.0156762747632248,0.015554671182307762,0.04920940819362862
2025-08-25 00:00:00+00:00,42.712489358889215,-0.045983552178302,-0.04707436677922589,0.05075577313246797
2025-08-26 00:00:00+00:00,39.77727690544619,-0.0687202384478242,-0.07119555108529084,0.05257826157224847
2025-08-27 00:00:00+00:00,42.82025042595191,0.07650029758797,0.07371531426253049,0.05469668152203173
2025-08-28 00:00:00+00:00,42.112656285549185,-0.0165247548382827,-0.016662811615483303,0.05381740526909172
2025-08-29 00:00:00+00:00,42.51276764320589,0.0095009764984594,0.009456126079311056,0.05377735683898081
2025-08-30 00:00:00+00:00,40.31534164253618,-0.0516886131505692,-0.053072363519886874,0.055007038170301545
2025-08-31 00:00:00+00:00,40.010122117647605,-0.0075708033828626,-0.007599607386518052,0.05502416882018451
2025-09-01 00:00:00+00:00,40.63338160088539,0.0155775451373312,0.015457460656469866,0.05227562582215737
2025-09-02 00:00:00+00:00,40.542503197554915,-0.0022365454153709,-0.002239050218502717,0.04971632441514946
2025-09-03 00:00:00+00:00,41.469420704572066,0.0228628583316743,0.022605419656059722,0.049917495734513685
2025-09-04 00:00:00+00:00,41.576918250354154,0.0025922123809709,0.002588858393372037,0.04698373674713766
2025-09-05 00:00:00+00:00,40.750323097282845,-0.0198811068221552,-0.020081395106913914,0.047266019890360715
2025-09-06 00:00:00+00:00,41.218173776616375,0.0114809072364072,0.011415501754393135,0.047278942303445384
2025-09-07 00:00:00+00:00,47.14337171325886,0.1437520732663786,0.13431415029786684,0.055334048156982944
2025-09-08 00:00:00+00:00,48.33422680961056,0.0252602869305755,0.024946518822310092,0.05363620811650183
2025-09-09 00:00:00+00:00,50.749751173129745,0.0499754423099385,0.04876677561967301,0.05346150067378032
2025-09-10 00:00:00+00:00,48.067091435739385,-0.0528605495668073,-0.054308941691710785,0.04995849150315394
2025-09-11 00:00:00+00:00,47.9125533081044,-0.0032150505266494,-0.0032202299058839605,0.04710897229125477
2025-09-12 00:00:00+00:00,47.94133661967048,0.0006007467684092,0.0006005663923060144,0.04653573140136242
2025-09-13 00:00:00+00:00,49.84462065746961,0.0397002706223716,0.03893247029065587,0.04712585531490208
2025-09-14 00:00:00+00:00,52.84691047352768,0.0602329755238721,0.05848867220414935,0.04685400884257476
2025-09-15 00:00:00+00:00,50.48321770631565,-0.0447271703498364,-0.04575829380418455,0.04481643715167034
2025-09-16 00:00:00+00:00,49.95389487636715,-0.0104851246413771,-0.010540480845214705,0.04260723061171937
2025-09-17 00:00:00+00:00,51.552469262750726,0.0320009959251414,0.0314996321026471,0.04251848541903894
2025-09-18 00:00:00+00:00,51.375749976980885,-0.0034279499759584,-0.0034338388581911703,0.042626516124428894
2025-09-19 00:00:00+00:00,50.59381545577173,-0.0152199144841583,-0.015336926172733077,0.040494418008244056
2025-09-20 00:00:00+00:00,48.914160715854216,-0.0331988154043421,-0.03376240487877914,0.04154783623920658
2025-09-21 00:00:00+00:00,50.59361343917444,0.0343346936498876,0.033758411959905706,0.041873527052703634
2025-09-22 00:00:00+00:00,51.93482164324008,0.0265094369208889,0.02616415073307232,0.0418839038783063
2025-09-23 00:00:00+00:00,48.62722074610878,-0.063687537426285,-0.06580603067653913,0.04527632996921309
2025-09-24 00:00:00+00:00,54.74814817321854,0.125874506772003,0.11856007303751985,0.051544421752337644
2025-09-25 00:00:00+00:00,58.75331715367521,0.0731562457196661,0.07060406881617569,0.05239252207078267
2025-09-26 00:00:00+00:00,54.42802259029077,-0.0736178784947784,-0.0764684712429596,0.05652247684510458
2025-09-27 00:00:00+00:00,56.29252818347488,0.0342563537025633,0.033682669635233045,0.049250416925969494
2025-09-28 00:00:00+00:00,55.70113852282252,-0.0105056511003527,-0.010561225022376358,0.04928031185848148
2025-09-29 00:00:00+00:00,61.07966946951576,0.0965605208318944,0.09217848190977362,0.05208850647748173
2025-09-30 00:00:00+00:00,72.25073182021858,0.1828933006305508,0.1679633870405828,0.060795141214079314
2025-10-01 00:00:00+00:00,74.48399995542171,0.0309099725212496,0.030441880680212453,0.06057302449196069
2025-10-02 00:00:00+00:00,120.61918220724417,0.6193972165758301,0.4820539914687395,0.11904366789032154
2025-10-03 00:00:00+00:00,130.76795698927586,0.0841389785299189,0.08078610377532608,0.11927807076836248
2025-10-04 00:00:00+00:00,128.19211633111402,-0.0196977969027464,-0.019894384346530455,0.12020721716494903
2025-10-05 00:00:00+00:00,157.5069716613017,0.2286790808138998,0.20593967428368806,0.12341451946558467
2025-10-06 00:00:00+00:00,166.21243191161955,0.0552703169802402,0.05379695873392654,0.1223986746311609
2025-10-07 00:00:00+00:00,156.34405197382287,-0.0593720928350534,-0.061207640375975245,0.12526112660978853
2025-10-08 00:00:00+00:00,128.15688953671776,-0.1802893175739398,-0.19880382729136797,0.1371504827918623
2025-10-09 00:00:00+00:00,175.49515278449311,0.3693774358827011,0.3143562101940911,0.14875053047631986
2025-10-10 00:00:00+00:00,213.9090604171016,0.2188887101615879,0.19793955031957708,0.14990258027285738
2025-10-11 00:00:00+00:00,228.6467428516437,0.0688969527789287,0.0666272314928095,0.14962069334569839
2025-10-12 00:00:00+00:00,293.38881474058235,0.28315326551993,0.24932053720497924,0.15401077496335502
2025-10-13 00:00:00+00:00,262.8912882023481,-0.1039491794027679,-0.10975814819913822,0.15659152948819885
2025-10-14 00:00:00+00:00,250.0129143904527,-0.0489874499073659,-0.0502280197912949,0.15917932322403994
2025-10-15 00:00:00+00:00,247.7809802020792,-0.0089272755922031,-0.008967362473045441,0.16031006844754186
2025-10-16 00:00:00+00:00,229.53052819740088,-0.0736555807866853,-0.07650917049466621,0.16031205199575613
2025-10-17 00:00:00+00:00,204.7092642870265,-0.1081392706465067,-0.11444529160393409,0.16551087925915786
2025-10-18 00:00:00+00:00,217.25116626282616,0.0612668997638252,0.059463382911280976,0.1645763260040981
2025-10-19 00:00:00+00:00,220.69453282364807,0.0158497034563958,0.015725408544715734,0.16487408425519895
2025-10-20 00:00:00+00:00,236.7789460148555,0.0728808864697165,0.07034744767264514,0.16307669782993373
2025-10-21 00:00:00+00:00,267.98374406289406,0.1317887361745446,0.12379933354259207,0.16354117122980977
2025-10-22 00:00:00+00:00,263.42935077234466,-0.0169950356745538,-0.017141108669242292,0.13129729286145536
2025-10-23 00:00:00+00:00,237.84052551141437,-0.0971373356306227,-0.10218482531625368,0.1345704171365297
2025-10-24 00:00:00+00:00,242.9416966851075,0.0214478637007902,0.021221095011470834,0.13408272020462803
2025-10-25 00:00:00+00:00,271.47349300911463,0.1174429779379908,0.11104301974999362,0.1291920514874103
2025-10-26 00:00:00+00:00,274.79040480646887,0.0122181792431679,0.012144139766146334,0.1290767446959792
2025-10-27 00:00:00+00:00,329.96652468885486,0.2007934735612249,0.18298256624674955,0.1319955440838016
2025-10-28 00:00:00+00:00,341.6302497507177,0.0353482071336215,0.034737802149933536,0.11976871185335194
2025-10-29 00:00:00+00:00,316.0704739048234,-0.0748170744966082,-0.07776380372014526,0.10526461878689213
2025-10-30 00:00:00+00:00,352.3867664616547,0.1148993517432033,0.10876413334284166,0.0994804363668347
2025-10-31 00:00:00+00:00,345.2014673974636,-0.0203903771311825,-0.02060113068898167,0.09946959799171019
2025-11-01 00:00:00+00:00,406.15743259006354,0.1765808403195907,0.16261263937851902,0.09045731086806238
2025-11-02 00:00:00+00:00,412.9803992260091,0.0167988225463107,0.016659282893135726,0.08546712565807303
2025-11-03 00:00:00+00:00,417.95980694056817,0.0120572495060087,0.011985139923325856,0.08379338965301868
2025-11-04 00:00:00+00:00,428.56358287708576,0.0253703245154992,0.025053839550299897,0.08339710437058948
2025-11-05 00:00:00+00:00,445.0261563654135,0.0384133746918231,0.037693946980872466,0.07973786231771593
2025-11-06 00:00:00+00:00,479.3579233634141,0.0771455037123942,0.07431448998895464,0.07216577556783939
2025-11-07 00:00:00+00:00,532.064586754623,0.1099526279265243,0.10431733686985876,0.0734056049552211
2025-11-08 00:00:00+00:00,648.8777101852887,0.2195468864845491,0.19847938523656267,0.08061821356718982
2025-11-09 00:00:00+00:00,602.0328512742919,-0.0721936632676442,-0.0749322568404838,0.08546014911223465
2025-11-10 00:00:00+00:00,613.5812730366823,0.0191823780678188,0.019000715721432776,0.08367561721823204
2025-11-11 00:00:00+00:00,520.7818259621429,-0.1512423066878566,-0.16398153586501749,0.09478858796584766
2025-11-12 00:00:00+00:00,445.92426004465955,-0.1437407416804228,-0.1551820768281556,0.0994257091466391
2025-11-13 00:00:00+00:00,508.81612150484136,0.141037093281005,0.13193757980025148,0.10187948857633283
2025-11-14 00:00:00+00:00,523.3473402794998,0.0285588804294993,0.02815867730984966,0.10038226749799968
2025-11-15 00:00:00+00:00,605.9588036835555,0.1578520746086835,0.14656662885695745,0.10338048888702353
2025-11-16 00:00:00+00:00,678.0153430553777,0.1189132642909032,0.11235791452121699,0.09935060053115667
2025-11-17 00:00:00+00:00,698.874502126263,0.0307650251348097,0.0303012693939103,0.09935854060255946
2025-11-18 00:00:00+00:00,615.4412204935885,-0.119382351736737,-0.12713174468112942,0.10287886479984411
2025-11-19 00:00:00+00:00,623.3081718305024,0.0127826201348757,0.012701612046156337,0.10140300223606635
2025-11-20 00:00:00+00:00,671.0136411538424,0.0765359279395307,0.07374841203500782,0.10119217603678973
2025-11-21 00:00:00+00:00,664.7137744735865,-0.0093885821298997,-0.009432932677890407,0.09683371578080573
2025-11-22 00:00:00+00:00,546.7758473455792,-0.1774266333226011,-0.19531760071287874,0.10863401593979764
2025-11-23 00:00:00+00:00,517.9139243724427,-0.0527856581691599,-0.05422987367601886,0.10970340477938664
2025-11-24 00:00:00+00:00,572.9381220301601,0.1062419739426592,0.10096866212060676,0.11152364201766614
2025-11-25 00:00:00+00:00,519.5260864449601,-0.0932247890853181,-0.09786069760521715,0.11412959761086514
2025-11-26 00:00:00+00:00,508.7944613076435,-0.0206565664695522,-0.020872897630142946,0.11318803325908038
2025-11-27 00:00:00+00:00,526.4801171567573,0.034759922117981,0.0341694405043131,0.11094724957244828
2025-11-28 00:00:00+00:00,489.0674456497692,-0.0710618887357689,-0.07371316104809704,0.10154710526428896
2025-11-29 00:00:00+00:00,453.6175994983303,-0.072484575423622,-0.07524585436780086,0.10155701042246791
2025-11-30 00:00:00+00:00,458.81457063667415,0.0114567228963147,0.01139159163503655,0.10144045835672615
2025-12-01 00:00:00+00:00,430.5259515850158,-0.0616558864126822,-0.06363853841706787,0.09599514365722123
2025-12-02 00:00:00+00:00,345.48640226216804,-0.1975247926629458,-0.22005431873924905,0.10207933409976458
2025-12-03 00:00:00+00:00,315.9002152670153,-0.0856363283805932,-0.08952689649088554,0.09746447448869879
2025-12-04 00:00:00+00:00,338.3987748682882,0.0712204630258195,0.06879861811175106,0.09901675964865642
2025-12-05 00:00:00+00:00,366.54951545451826,0.083188068861026,0.07990860840050099,0.09404844051406576
2025-12-06 00:00:00+00:00,359.5304571605147,-0.0191490044265916,-0.019334721296391064,0.08835322437631365
2025-12-07 00:00:00+00:00,340.7677486445925,-0.0521867011326538,-0.05359773824581438,0.08723828270253486
2025-12-08 00:00:00+00:00,342.030109006388,0.0037044596116169,0.0036976149996276685,0.08491243105695816
2025-12-09 00:00:00+00:00,405.0424827341891,0.18423048751718,0.16909318602748982,0.09552834617081073
2025-12-10 00:00:00+00:00,432.61198277044224,0.068065699800546,0.06584925531310842,0.09512908609302058
2025-12-11 00:00:00+00:00,403.84082743492615,-0.0665056828783751,-0.0688204037300577,0.09564337237064627
2025-12-12 00:00:00+00:00,450.6769674918707,0.1159767335918793,0.10973001570584545,0.09126193077842001
2025-12-13 00:00:00+00:00,458.4738953967274,0.0173004800938654,0.017152530746939537,0.09082208023334876
2025-12-14 00:00:00+00:00,442.7919225921667,-0.0342047234575716,-0.03480339627485771,0.08740833367887658
2025-12-15 00:00:00+00:00,405.7707139533225,-0.0836085907396793,-0.08731170288986147,0.08689891178850301
2025-12-16 00:00:00+00:00,412.7133187895257,0.0171096744971146,0.016964952448748623,0.08711535766105637
2025-12-17 00:00:00+00:00,402.7617468083297,-0.02411255350417,-0.024408020432335958,0.08651841515671668
2025-12-18 00:00:00+00:00,376.3064139960144,-0.0656848199263202,-0.06794144577836604,0.08631601588664746
2025-12-19 00:00:00+00:00,386.6445985673276,0.0274727833138201,0.02710217877837672,0.08546774666224408
2025-12-20 00:00:00+00:00,445.1700456716687,0.1513675538755776,0.1409504131470203,0.09169676550899293
2025-12-21 00:00:00+00:00,446.957667596042,0.0040155934608676,0.004007552484453069,0.0905245703109167
2025-12-22 00:00:00+00:00,441.97080656861016,-0.0111573452901112,-0.0112200553552693,0.07414013836744678
2025-12-23 00:00:00+00:00,431.7693261890957,-0.0230817968696102,-0.0233523529310841,0.07075530088485425
2025-12-24 00:00:00+00:00,416.7413676880307,-0.03480552598237,-0.035425670467676536,0.0704702915319681
2025-12-25 00:00:00+00:00,447.872798859531,0.0747020420463873,0.07204345297146283,0.07008293688114323
2025-12-26 00:00:00+00:00,437.1761439712781,-0.0238832430000012,-0.024173071650142732,0.07019785085063815
